window,n,action_entropy,ceil_adrenaline,ceil_cortisol,ceil_dopamine,ceil_energy,ceil_fatigue,ceil_melatonin,ceil_oxytocin,ceil_serotonin,ceil_shadow,ceil_somatic,cortisol_spread,floor_adrenaline,floor_cortisol,floor_dopamine,floor_energy,floor_fatigue,floor_melatonin,floor_oxytocin,floor_serotonin,floor_shadow,floor_somatic,mean_adrenaline,mean_cortisol,mean_dai,mean_dopamine,mean_energy,mean_fatigue,mean_melatonin,mean_oxytocin,mean_serotonin,mean_shadow,mean_somatic,mean_tension,mean_valence,sd_adrenaline,sd_cortisol,sd_dai,sd_dopamine,sd_energy,sd_fatigue,sd_melatonin,sd_oxytocin,sd_serotonin,sd_shadow,sd_somatic,sd_tension,sd_valence,zone_chaos_field,zone_earth_zone,zone_nexus,zone_sanctuary,zone_top_pct,zone_void
1-500,3000,3.51208,0,0,0,0.233333,0,0,3.63333,0.2,0,1.83333,0.115095,0,0,0,1.13333,0,0,0,0,49.5,46.8,0.536443,0.447828,124.104,0.660069,0.407305,0.531447,0.632217,0.840743,0.763246,0.134933,0.167587,0.0862067,0.150101,0.0756098,0.123318,17.5676,0.0264023,0.210895,0.130962,0.0424463,0.0929715,0.0802737,0.191606,0.236523,0.249966,0.106044,0.833333,1.16667,85.4667,10.4333,85.4667,2.1
501-1000,3000,3.49256,0,0,0,0.1,0,0,6.36667,0.0333333,0,2.13333,0.113893,0,0,0,1.36667,0,0,0,0,48.4667,52.3333,0.530626,0.4317,125.168,0.663375,0.405289,0.534103,0.636462,0.869411,0.763248,0.162267,0.195704,0.114507,0.178445,0.0795748,0.122804,18.2898,0.0237849,0.202171,0.126917,0.0330911,0.0781081,0.0814595,0.218608,0.282435,0.278233,0.115958,0,0.7,86.7333,9.06667,86.7333,3.5
1001-1500,3000,3.46871,0,0,0,0.0666667,0,0,5.06667,0.0666667,0,0.533333,0.114569,0,0,0,1.46667,0,0,0,0,51.1333,51.0333,0.531129,0.432394,124.956,0.663736,0.406194,0.531288,0.636097,0.870829,0.759544,0.1492,0.210082,0.118867,0.170815,0.0823993,0.122801,17.5081,0.0227367,0.211486,0.129314,0.0355504,0.0730083,0.0876404,0.214878,0.286809,0.290538,0.108603,0,1.26667,89.4667,7.5,89.4667,1.76667
1501-2000,3000,3.45903,0,0,0,0.0666667,0,0,5.96667,0.0666667,0,2.2,0.114867,0,0,0,1.5,0,0,0,0,47.4333,46.3,0.539847,0.444464,125.73,0.663282,0.380168,0.545414,0.641062,0.866449,0.75627,0.176467,0.219833,0.141723,0.131981,0.0823032,0.123472,17.0281,0.0251393,0.21072,0.132003,0.0337731,0.0791214,0.08225,0.227873,0.298326,0.311834,0.115442,0,1.13333,86.8667,9.63333,86.8667,2.36667
2001-2500,3000,3.46141,0,0,0,0.333333,0,0,5.4,0,0,0,0.108934,0,0,0,0.9,0,0,0,0,46.8,45.5,0.535472,0.442309,126.435,0.663425,0.419568,0.52338,0.635163,0.865742,0.758079,0.156167,0.208434,0.09832,0.156874,0.078253,0.117586,16.6501,0.0223556,0.215646,0.135134,0.03565,0.0769686,0.0851537,0.200172,0.244712,0.25951,0.108092,0.0666667,0.166667,90.1667,8.4,90.1667,1.2
2501-3000,3000,3.48597,0,0,0,0.1,0,0,4.3,0.0666667,0,2.4,0.110081,0,0,0,1.9,0,0,0,0,44.6333,43.1333,0.537348,0.438887,124.208,0.663038,0.376393,0.547381,0.643116,0.862076,0.763225,0.161,0.237758,0.11248,0.141976,0.0797511,0.117682,17.3224,0.0237149,0.21153,0.131152,0.0361468,0.0751364,0.087031,0.206863,0.286458,0.274294,0.112522,0,1.1,83.8667,13.6667,83.8667,1.36667
3001-3500,3000,3.46932,0,0,0,0.133333,0,0,5.16667,0,0,0.533333,0.106862,0,0,0,1.13333,0,0,0,0,37.5667,40.2667,0.53795,0.440822,123.827,0.663263,0.412333,0.528298,0.634997,0.861052,0.7587,0.1769,0.219463,0.11246,0.143343,0.0794347,0.116389,17.1847,0.0231127,0.215734,0.133255,0.0372029,0.0788281,0.0766014,0.203182,0.264992,0.275797,0.107413,0.133333,0.733333,87.8667,10,87.8667,1.26667
3501-4000,3000,3.51639,0,0,0,0.366667,0,0,5.2,0.233333,0,0.9,0.108331,0,0,0,1.13333,0,0,0,0,41.5667,38.3667,0.539601,0.444245,122.954,0.663832,0.41535,0.526857,0.635635,0.860108,0.755156,0.1816,0.213574,0.129303,0.14371,0.0796325,0.116424,18.2758,0.0228213,0.221943,0.135024,0.0366085,0.079178,0.0837297,0.212559,0.242592,0.289533,0.108294,0,0.633333,87.8667,9.33333,87.8667,2.16667
4001-4500,3000,3.48081,0,0,0,0.0333333,0,0,4.23333,0,0,1.66667,0.120822,0,0,0,1.2,0,0,0,0,60.3333,50.7333,0.531467,0.440832,123.927,0.662521,0.411548,0.532567,0.635362,0.857052,0.748941,0.1148,0.210218,0.0889333,0.164704,0.0801632,0.128149,18.7583,0.0232396,0.217676,0.129801,0.035202,0.0771674,0.0883034,0.183995,0.295358,0.24169,0.121063,0.0333333,1.13333,90.3333,6.83333,90.3333,1.66667
4501-5000,3000,3.45119,0,0,0,0.0333333,0,0,5.76667,0.166667,0,0.266667,0.106707,0,0,0,0.866667,0,0,0,0,39.4,50.2333,0.534451,0.438444,124.068,0.664944,0.421711,0.524082,0.63487,0.869002,0.764841,0.1359,0.167273,0.0565567,0.173546,0.076582,0.115721,17.076,0.0249031,0.212924,0.130043,0.0334873,0.0766515,0.0819181,0.162669,0.219508,0.19744,0.0996641,0.233333,0.866667,89.9333,8,89.9333,0.966667
5001-5500,3000,3.44959,0,0,0,0.166667,0,0,5.13333,0.0333333,0,0.133333,0.11155,0,0,0,1.03333,0,0,0,0,52.5,52.1667,0.533213,0.437795,125.566,0.664549,0.429219,0.520917,0.632962,0.859481,0.758498,0.132367,0.172937,0.0819133,0.176426,0.0794967,0.120627,15.6857,0.023474,0.218429,0.131829,0.0329236,0.0784552,0.0780374,0.189866,0.241543,0.237886,0.0975419,0.0333333,0.2,90.3,6.16667,90.3,3.3
5501-6000,3000,3.45516,0,0,0,0.166667,0,0,4.13333,0.166667,0,0,0.112721,0,0,0,0.966667,0,0,0,0,57.0333,49.3333,0.531013,0.441303,123.514,0.664368,0.433117,0.518342,0.630998,0.860405,0.762893,0.0797333,0.128022,0.0187433,0.163149,0.0761818,0.118544,16.2376,0.0243014,0.21,0.12875,0.0351309,0.0763766,0.0748309,0.122485,0.169231,0.098826,0.0969629,0,0.666667,90.2,7.1,90.2,2.03333
6001-6500,3000,3.4581,0,0,0,0.233333,0,0,4.9,0.2,0,0,0.112593,0,0,0,0.6,0,0,0,0,54.3333,55,0.526298,0.431191,123.469,0.665059,0.445669,0.510331,0.632243,0.865301,0.767854,0.1036,0.150075,0.0491433,0.177514,0.0771275,0.119525,16.8544,0.0243662,0.212722,0.130082,0.033021,0.0772573,0.0842807,0.148931,0.212965,0.171489,0.110301,0.133333,0.266667,89.2,8.5,89.2,1.9
6501-7000,3000,3.45899,0,0,0,0.0666667,0,0,4.4,0,0,0,0.108142,0,0,0,1.23333,0,0,0,0,59.6667,48.6,0.532868,0.442007,122.576,0.663727,0.413107,0.527796,0.632913,0.850133,0.754156,0.0989333,0.144231,0.0477433,0.154696,0.0759343,0.11402,17.1701,0.0233553,0.219681,0.133409,0.0316835,0.0807302,0.0726124,0.150174,0.208588,0.166445,0.11169,0,2.16667,90.9,5.5,90.9,1.43333
7001-7500,3000,3.47036,0,0,0,0.1,0,0,4.53333,0,0,1.16667,0.109188,0,0,0,1.06667,0,0,0,0,51,49.2,0.534627,0.442469,125.253,0.662944,0.41243,0.528959,0.635299,0.856277,0.756778,0.148233,0.167417,0.10089,0.153755,0.0772089,0.11631,17.6807,0.0227123,0.209928,0.129077,0.0319823,0.0791465,0.076972,0.206439,0.252854,0.261195,0.1029,0,1.26667,88.9,7.6,88.9,2.23333
7501-8000,3000,3.46928,0,0,0,0.2,0,0,5.33333,0.0333333,0,1.23333,0.106372,0,0,0,1.6,0,0,0,0,43.9,53.5333,0.537707,0.44119,124.448,0.664627,0.406783,0.53269,0.637424,0.865872,0.763049,0.137733,0.169641,0.0835833,0.148103,0.0773981,0.114715,17.4755,0.0248314,0.212666,0.131922,0.0325046,0.0743097,0.0805672,0.175241,0.264928,0.240715,0.106129,0,1,88.5333,8.76667,88.5333,1.7
8001-8500,3000,3.45724,0,0,0,0.2,0,0,5.06667,0.166667,0,3.8,0.119404,0,0,0,1.2,0,0,0,0,45.0667,45.4333,0.536041,0.444874,122.752,0.664018,0.401937,0.535013,0.638216,0.860221,0.757626,0.150333,0.210973,0.0922367,0.140467,0.0812614,0.126367,17.5379,0.0240599,0.212737,0.133274,0.0360861,0.0789791,0.0761781,0.197399,0.279962,0.26766,0.116126,0,1.4,87.5667,9.76667,87.5667,1.26667
8501-9000,3000,3.49368,0,0,0,0.133333,0,0,5.8,0.0333333,0,0.233333,0.111081,0,0,0,0.766667,0,0,0,0,54.2,54.2667,0.535908,0.434177,122.779,0.665035,0.391983,0.538046,0.637861,0.866637,0.766736,0.140133,0.196304,0.12454,0.136993,0.0803689,0.118714,17.763,0.0242143,0.19736,0.120743,0.0328426,0.0786906,0.0881409,0.210957,0.282608,0.298782,0.125719,0,0.733333,86.6667,9.96667,86.6667,2.63333
9001-9500,3000,3.47428,0,0,0,0.1,0,0,5.4,0.0666667,0,4.36667,0.120039,0,0,0,0.9,0,0,0,0,56.9,51.4,0.533725,0.442886,125.636,0.662822,0.424893,0.526822,0.634481,0.854562,0.753365,0.142233,0.220163,0.140957,0.142606,0.0810935,0.126221,17.6328,0.0236465,0.213516,0.136108,0.0368125,0.0822528,0.0829081,0.219969,0.318694,0.320343,0.132843,0,0.766667,89.8,7.6,89.8,1.83333
9501-10000,3000,3.46277,0,0,0,0.0333333,0,0,5.7,0.0666667,0,3.2,0.118461,0,0,0,1.16667,0,0,0,0,36.9,42.4,0.539198,0.440438,122.358,0.663116,0.375219,0.548368,0.643515,0.862878,0.762223,0.183533,0.240664,0.129963,0.12972,0.0821611,0.126163,16.6572,0.0242782,0.1988,0.125878,0.0334202,0.0797755,0.0851962,0.214543,0.30478,0.298859,0.127483,0,1.73333,85.5667,11.8,85.5667,0.9
10001-10500,3000,3.47893,0,0,0,0.0333333,0,0,5.73333,0.2,0,0.466667,0.108147,0,0,0,0.9,0,0,0,0,43,41.2333,0.53743,0.438393,124.836,0.663833,0.386403,0.540425,0.641043,0.867962,0.768411,0.144167,0.221489,0.0737367,0.142594,0.0786384,0.116151,16.7007,0.0248836,0.199289,0.121477,0.0336654,0.0787236,0.0796322,0.184172,0.244722,0.232785,0.103453,0,1.36667,86.0333,11.2333,86.0333,1.36667
10501-11000,3000,3.49537,0,0,0,0.0666667,0,0,4.4,0.0333333,0,0,0.109179,0,0,0,0.966667,0,0,0,0,40.5667,40.3667,0.535127,0.443421,122.28,0.662657,0.389802,0.539032,0.639953,0.852726,0.754529,0.1407,0.204794,0.0721867,0.13842,0.0784874,0.116759,18.5962,0.0247877,0.200198,0.12445,0.0343055,0.0824548,0.0785034,0.170764,0.232319,0.220238,0.108797,0.366667,1.93333,87,9.7,87,1
11001-11500,3000,3.48494,0,0,0,0.233333,0,0,5.26667,0,0,1.13333,0.115253,0,0,0,1.03333,0,0,0,0,45.4333,49.6333,0.534897,0.444307,125.567,0.664093,0.413826,0.529105,0.635557,0.864629,0.761189,0.154467,0.159812,0.07449,0.159768,0.0809546,0.123869,18.3453,0.0244288,0.216453,0.131619,0.0345754,0.0780783,0.0742078,0.188078,0.258439,0.219239,0.10068,0,1.03333,89.1667,6.93333,89.1667,2.86667
11501-12000,3000,3.45716,0,0,0,0.266667,0,0,5.56667,0.0333333,0,2.6,0.11996,0,0,0,0.833333,0,0,0,0,46.0667,44.0333,0.535251,0.439303,124.56,0.664872,0.43051,0.520584,0.635225,0.862437,0.761897,0.153767,0.21663,0.09614,0.157296,0.079301,0.128201,17.1075,0.024336,0.223155,0.137273,0.0354148,0.0792866,0.0855463,0.194694,0.265894,0.261936,0.120163,0.0333333,0.766667,88.2,9.06667,88.2,1.93333
12001-12500,3000,3.47486,0,0,0,0.0666667,0,0,4.4,0,0,9.13333,0.123164,0,0,0,1.06667,0,0,0,0,46.8,49.6,0.536648,0.449826,124.57,0.66532,0.425607,0.530156,0.636275,0.857802,0.754162,0.184,0.209797,0.154483,0.141443,0.0824221,0.130513,16.2556,0.0257955,0.213841,0.133876,0.036011,0.0807758,0.0903431,0.245691,0.339619,0.340198,0.137513,0.3,1.5,88.3667,7.9,88.3667,1.93333
12501-13000,3000,3.47869,0,0,0,0.0333333,0,0,4.86667,0,0,4.23333,0.116594,0,0,0,0.666667,0,0,0,0,47.5667,41.7667,0.536479,0.443745,120.826,0.662647,0.419372,0.527942,0.637449,0.856014,0.758794,0.147267,0.21057,0.106773,0.138344,0.0807957,0.123997,17.5667,0.0262233,0.210558,0.127609,0.0377467,0.0803351,0.0797223,0.209649,0.287084,0.284933,0.126233,0,1.2,87.6,9.66667,87.6,1.53333
13001-13500,3000,3.48979,0,0,0,0.0666667,0,0,4.76667,0.2,0,0.766667,0.106861,0,0,0,1.7,0,0,0,0,45.7667,46.9,0.535805,0.436242,120.67,0.662584,0.392951,0.538534,0.639999,0.859334,0.761389,0.161067,0.199401,0.105343,0.136816,0.0801871,0.114384,15.3769,0.0241829,0.201329,0.125079,0.0344369,0.0774695,0.0835017,0.203644,0.259224,0.271067,0.105826,0.0333333,1.3,86.3667,10.3,86.3667,2
13501-14000,3000,3.49739,0,0,0,0.0333333,0,0,5.2,0.0333333,0,1.9,0.11419,0,0,0,0.933333,0,0,0,0,50.2,42.1,0.538617,0.437567,124.32,0.665119,0.401114,0.53462,0.638694,0.867949,0.765804,0.1404,0.209142,0.0839433,0.148175,0.081043,0.123322,17.5783,0.0233785,0.201725,0.126091,0.0332108,0.0764855,0.0781887,0.195758,0.268221,0.246728,0.108791,0,1.43333,89.1,7.4,89.1,2.06667
14001-14500,3000,3.49906,0,0,0,0,0,0,5.8,0.0333333,0,0.433333,0.109117,0,0,0,1.33333,0,0,0,0,44.4333,40.5667,0.539891,0.446996,124.384,0.663429,0.379891,0.545065,0.638447,0.866761,0.760546,0.165433,0.225864,0.0989367,0.132655,0.0806566,0.119452,16.4481,0.0245005,0.202581,0.125468,0.0331498,0.0775255,0.0897773,0.205008,0.270032,0.248174,0.112927,0,0.833333,88.1333,10.1333,88.1333,0.9
14501-15000,3000,3.48442,0,0,0,0.233333,0,0,4.76667,0,0,2.4,0.111339,0,0,0,0.9,0,0,0,0,43.1,51.2,0.535159,0.435072,122.207,0.665097,0.398755,0.535591,0.640012,0.86932,0.765393,0.154367,0.19373,0.08929,0.147303,0.0811311,0.119161,16.6209,0.0248201,0.207814,0.130407,0.0337579,0.0719326,0.0764703,0.192616,0.278021,0.250671,0.116514,0,2.06667,86.0333,10.7,86.0333,1.2
15001-15500,3000,3.48303,0,0,0,0.2,0,0,5.23333,0.133333,0,6.03333,0.122591,0,0,0,1.03333,0,0,0,0,44.2667,42.6667,0.538866,0.445803,124.413,0.664228,0.413845,0.532863,0.636756,0.859385,0.752637,0.176467,0.249575,0.136007,0.138857,0.0844398,0.129592,17.2486,0.0240462,0.211195,0.135491,0.0372374,0.0779292,0.0864942,0.232693,0.321553,0.310064,0.121598,0.433333,1,88.5667,9.13333,88.5667,0.866667
15501-16000,3000,3.46659,0,0,0,0.2,0,0,5.73333,0.1,0,4.1,0.11078,0,0,0,0.733333,0,0,0,0,47.8333,53,0.530962,0.431077,124.802,0.665658,0.425336,0.524112,0.637399,0.867894,0.765101,0.1519,0.184347,0.108823,0.160444,0.0795733,0.117914,17.328,0.0244954,0.210952,0.131951,0.0339894,0.0754615,0.0841157,0.205952,0.291284,0.278513,0.115439,0.0333333,0.6,88.5333,8.33333,88.5333,2.5
16001-16500,3000,3.49617,0,0,0,0.0333333,0,0,5.03333,0,0,0.8,0.111558,0,0,0,0.866667,0,0,0,0,49.8,46.4333,0.539261,0.441101,122.729,0.663661,0.398406,0.537269,0.638205,0.864927,0.760735,0.1603,0.214116,0.1295,0.14796,0.0801677,0.119523,17.3409,0.0235776,0.201804,0.123926,0.0354198,0.0772906,0.0760018,0.218496,0.27738,0.297253,0.108353,0,0.933333,87.7,8.8,87.7,2.56667
16501-17000,3000,3.47494,0,0,0,0.0666667,0,0,5.6,0.166667,0,0,0.0995448,0,0,0,1.3,0,0,0,0,55.9,53.6,0.531988,0.432783,125.402,0.665889,0.406448,0.530112,0.63784,0.876377,0.77847,0.0878667,0.128589,0.0373933,0.166942,0.0738004,0.105484,17.2983,0.0237411,0.212288,0.127369,0.0337162,0.0710469,0.08243,0.140639,0.20415,0.156273,0.0969315,0,0.7,88.9333,8.6,88.9333,1.76667
17001-17500,3000,3.48958,0,0,0,0.133333,0,0,5.66667,0,0,0,0.109103,0,0,0,0.733333,0,0,0,0,51.7333,49.0333,0.53648,0.442945,121.777,0.665762,0.387091,0.539997,0.640266,0.863912,0.77401,0.118267,0.144455,0.0597367,0.157729,0.076484,0.117414,18.066,0.0243923,0.191207,0.120142,0.034561,0.0776215,0.08469,0.165125,0.203433,0.193486,0.0959037,0.3,1.03333,87.1333,9.93333,87.1333,1.6
17501-18000,3000,3.49858,0,0,0,0.0666667,0,0,4.9,0.0333333,0,2.9,0.114596,0,0,0,0.633333,0,0,0,0,40.4,39.6333,0.538339,0.448739,124.506,0.664425,0.398815,0.539241,0.636742,0.865222,0.758391,0.164367,0.222459,0.112983,0.12731,0.079026,0.122561,16.0606,0.0227047,0.203029,0.122919,0.0333819,0.0786019,0.0870801,0.195159,0.280502,0.279728,0.113336,0,1.33333,91.3,6.46667,91.3,0.9
18001-18500,3000,3.50769,0,0,0,0.133333,0,0,4.43333,0.0333333,0,1.96667,0.116842,0,0,0,0.6,0,0,0,0,53.9,51.9333,0.536865,0.445266,124.598,0.662362,0.415214,0.529851,0.637611,0.85262,0.757273,0.125433,0.203344,0.0915267,0.144219,0.0806969,0.124211,16.8492,0.0243616,0.201112,0.124701,0.0328186,0.0819104,0.0899728,0.190761,0.283634,0.249478,0.117252,0,1.13333,86.2667,9.9,86.2667,2.7
18501-19000,3000,3.48731,0,0,0,0.166667,0,0,3.93333,0,0,3.86667,0.11213,0,0,0,1.3,0.0666667,0,0,0,51.8667,50.4,0.533149,0.432103,123.101,0.66274,0.415838,0.526993,0.637661,0.857775,0.759441,0.1484,0.228202,0.127303,0.156575,0.0809817,0.120798,18.2294,0.0243551,0.222715,0.142709,0.0388014,0.0745379,0.0808716,0.214268,0.303773,0.298429,0.125192,0,1.06667,86.7,9.9,86.7,2.33333
19001-19500,3000,3.44736,0,0,0,0.233333,0,0,5.53333,0.166667,0,1.03333,0.115119,0,0,0,1.73333,0,0,0,0,47.4,52.5,0.530714,0.436928,124.658,0.664865,0.425907,0.52032,0.636108,0.871288,0.76911,0.1304,0.166379,0.07204,0.171416,0.0799958,0.122666,17.142,0.0235576,0.226061,0.139517,0.0383233,0.0746768,0.0795203,0.168253,0.253443,0.217636,0.105714,0,0.933333,90.0333,7.76667,90.0333,1.26667
19501-20000,3000,3.46404,0,0,0,0.1,0,0,4.7,0,0,0,0.102215,0,0,0,1.03333,0,0,0,0,50.5667,59.5667,0.526907,0.428997,124.283,0.664838,0.42015,0.522657,0.63333,0.87006,0.771526,0.0980667,0.111694,0.0355667,0.194834,0.0742807,0.109415,16.0457,0.0215695,0.214726,0.129648,0.0345908,0.0725098,0.0804423,0.143931,0.184475,0.152028,0.090579,0,0.933333,91,6.7,91,1.36667
